{"v":"4.7.0","fr":30,"ip":0,"op":90,"w":48,"h":48,"nm":"Newspaper animation","ddd":0,"assets":[],"layers":[{"ddd":0,"ind":2,"ty":4,"nm":"Ebene 3 Konturen","ks":{"o":{"a":0,"k":100},"r":{"a":0,"k":0},"p":{"a":0,"k":[24,24,0]},"a":{"a":0,"k":[24,24,0]},"s":{"a":0,"k":[100,100,100]}},"ao":0,"shapes":[{"ty":"gr","it":[{"ind":0,"ty":"sh","ix":1,"ks":{"a":0,"k":{"i":[[0,0],[0,0],[0,1.657],[0,0],[0,0],[0,0],[-1.656,0],[0,1.657],[0,0],[0,0]],"o":[[0,0],[-1.656,0],[0,0],[0,0],[0,0],[0,1.657],[1.657,0],[0,0],[0,0],[0,0]],"v":[[8.5,11.5],[-8.5,11.5],[-11.5,8.5],[-11.5,-11.5],[5.5,-11.5],[5.5,8.5],[8.5,11.5],[11.5,8.5],[11.5,-8.5],[7.5,-8.5]],"c":false}},"nm":"Pfad 1","mn":"ADBE Vector Shape - Group"},{"ty":"st","c":{"a":0,"k":[0,0,0,1]},"o":{"a":0,"k":100},"w":{"a":0,"k":1},"lc":2,"lj":2,"nm":"Kontur 1","mn":"ADBE Vector Graphic - Stroke"},{"ty":"tr","p":{"a":0,"k":[24,24],"ix":2},"a":{"a":0,"k":[0,0],"ix":1},"s":{"a":0,"k":[100,100],"ix":3},"r":{"a":0,"k":0,"ix":6},"o":{"a":0,"k":100,"ix":7},"sk":{"a":0,"k":0,"ix":4},"sa":{"a":0,"k":0,"ix":5},"nm":"Transformieren"}],"nm":"Gruppe 1","np":2,"cix":2,"ix":1,"mn":"ADBE Vector Group"},{"ty":"tm","s":{"a":1,"k":[{"i":{"x":[0.259],"y":[1]},"o":{"x":[0.629],"y":[0.019]},"n":["0p259_1_0p629_0p019"],"t":0,"s":[100],"e":[0]},{"t":39}],"ix":1},"e":{"a":1,"k":[{"i":{"x":[0.401],"y":[1]},"o":{"x":[0.996],"y":[0]},"n":["0p401_1_0p996_0"],"t":50,"s":[100],"e":[0]},{"t":90}],"ix":2},"o":{"a":0,"k":0,"ix":3},"m":1,"ix":2,"nm":"Pfade trimmen 1","mn":"ADBE Vector Filter - Trim"}],"ip":0,"op":651,"st":0,"bm":0,"sr":1},{"ddd":0,"ind":3,"ty":4,"nm":"Ebene 4 Konturen","ks":{"o":{"a":0,"k":100},"r":{"a":0,"k":0},"p":{"a":0,"k":[24,24,0]},"a":{"a":0,"k":[24,24,0]},"s":{"a":0,"k":[100,100,100]}},"ao":0,"shapes":[{"ty":"gr","it":[{"ind":0,"ty":"sh","ix":1,"ks":{"a":0,"k":{"i":[[0,0],[0,0],[0,0],[0.553,0],[0,0.552],[0,0],[0,0],[0,0]],"o":[[0,0],[0,0],[0,0.552],[-0.552,0],[0,0],[0,0],[0,0],[0,0]],"v":[[0,-6.25],[2,-6.25],[2,8.75],[1,9.75],[0,8.75],[0,-9.75],[-2,-9.75],[-2,-7.75]],"c":false}},"nm":"Pfad 1","mn":"ADBE Vector Shape - Group"},{"ty":"st","c":{"a":0,"k":[0,0,0,1]},"o":{"a":0,"k":100},"w":{"a":0,"k":1},"lc":2,"lj":2,"nm":"Kontur 1","mn":"ADBE Vector Graphic - Stroke"},{"ty":"tr","p":{"a":0,"k":[31.5,23.75],"ix":2},"a":{"a":0,"k":[0,0],"ix":1},"s":{"a":0,"k":[100,100],"ix":3},"r":{"a":0,"k":0,"ix":6},"o":{"a":0,"k":100,"ix":7},"sk":{"a":0,"k":0,"ix":4},"sa":{"a":0,"k":0,"ix":5},"nm":"Transformieren"}],"nm":"Gruppe 1","np":2,"cix":2,"ix":1,"mn":"ADBE Vector Group"},{"ty":"tm","s":{"a":1,"k":[{"i":{"x":[0.833],"y":[0.833]},"o":{"x":[0.167],"y":[0.167]},"n":["0p833_0p833_0p167_0p167"],"t":58,"s":[0],"e":[100]},{"t":73}],"ix":1},"e":{"a":1,"k":[{"i":{"x":[0.833],"y":[0.833]},"o":{"x":[0.167],"y":[0.167]},"n":["0p833_0p833_0p167_0p167"],"t":18,"s":[0],"e":[100]},{"t":31}],"ix":2},"o":{"a":0,"k":0,"ix":3},"m":1,"ix":2,"nm":"Pfade trimmen 1","mn":"ADBE Vector Filter - Trim"}],"ip":0,"op":651,"st":0,"bm":0,"sr":1},{"ddd":0,"ind":4,"ty":4,"nm":"Ebene 5 Konturen","ks":{"o":{"a":0,"k":100},"r":{"a":0,"k":0},"p":{"a":0,"k":[24,24,0]},"a":{"a":0,"k":[24,24,0]},"s":{"a":0,"k":[100,100,100]}},"ao":0,"shapes":[{"ty":"gr","it":[{"ind":0,"ty":"sh","ix":1,"ks":{"a":0,"k":{"i":[[0,0],[0,0]],"o":[[0,0],[0,0]],"v":[[22.5,32],[24.5,32]],"c":false}},"nm":"Pfad 1","mn":"ADBE Vector Shape - Group"},{"ty":"st","c":{"a":0,"k":[0,0,0,1]},"o":{"a":0,"k":100},"w":{"a":0,"k":1},"lc":2,"lj":2,"nm":"Kontur 1","mn":"ADBE Vector Graphic - Stroke"},{"ty":"tr","p":{"a":0,"k":[0,0],"ix":2},"a":{"a":0,"k":[0,0],"ix":1},"s":{"a":0,"k":[100,100],"ix":3},"r":{"a":0,"k":0,"ix":6},"o":{"a":0,"k":100,"ix":7},"sk":{"a":0,"k":0,"ix":4},"sa":{"a":0,"k":0,"ix":5},"nm":"Transformieren"}],"nm":"Gruppe 1","np":2,"cix":2,"ix":1,"mn":"ADBE Vector Group"},{"ty":"tm","s":{"a":0,"k":0,"ix":1},"e":{"a":0,"k":100,"ix":2},"o":{"a":0,"k":0,"ix":3},"m":1,"ix":2,"nm":"Pfade trimmen 1","mn":"ADBE Vector Filter - Trim"},{"ty":"tm","s":{"a":1,"k":[{"i":{"x":[0.667],"y":[1]},"o":{"x":[1],"y":[0]},"n":["0p667_1_1_0"],"t":60,"s":[0],"e":[100]},{"t":73}],"ix":1},"e":{"a":1,"k":[{"i":{"x":[0.148],"y":[1]},"o":{"x":[0.843],"y":[0]},"n":["0p148_1_0p843_0"],"t":17,"s":[0],"e":[100]},{"t":29}],"ix":2},"o":{"a":0,"k":0,"ix":3},"m":1,"ix":3,"nm":"Pfade trimmen 2","mn":"ADBE Vector Filter - Trim"}],"ip":0,"op":651,"st":0,"bm":0,"sr":1},{"ddd":0,"ind":5,"ty":4,"nm":"Ebene 6 Konturen","ks":{"o":{"a":0,"k":100},"r":{"a":0,"k":0},"p":{"a":0,"k":[24,24,0]},"a":{"a":0,"k":[24,24,0]},"s":{"a":0,"k":[100,100,100]}},"ao":0,"shapes":[{"ty":"gr","it":[{"ind":0,"ty":"sh","ix":1,"ks":{"a":0,"k":{"i":[[0,0],[0,0]],"o":[[0,0],[0,0]],"v":[[22.5,30],[26.5,30]],"c":false}},"nm":"Pfad 1","mn":"ADBE Vector Shape - Group"},{"ty":"st","c":{"a":0,"k":[0,0,0,1]},"o":{"a":0,"k":100},"w":{"a":0,"k":1},"lc":2,"lj":2,"nm":"Kontur 1","mn":"ADBE Vector Graphic - Stroke"},{"ty":"tr","p":{"a":0,"k":[0,0],"ix":2},"a":{"a":0,"k":[0,0],"ix":1},"s":{"a":0,"k":[100,100],"ix":3},"r":{"a":0,"k":0,"ix":6},"o":{"a":0,"k":100,"ix":7},"sk":{"a":0,"k":0,"ix":4},"sa":{"a":0,"k":0,"ix":5},"nm":"Transformieren"}],"nm":"Gruppe 1","np":2,"cix":2,"ix":1,"mn":"ADBE Vector Group"},{"ty":"tm","s":{"a":0,"k":0,"ix":1},"e":{"a":0,"k":100,"ix":2},"o":{"a":0,"k":0,"ix":3},"m":1,"ix":2,"nm":"Pfade trimmen 1","mn":"ADBE Vector Filter - Trim"},{"ty":"tm","s":{"a":1,"k":[{"i":{"x":[0.667],"y":[1]},"o":{"x":[1],"y":[0]},"n":["0p667_1_1_0"],"t":62,"s":[0],"e":[100]},{"t":75}],"ix":1},"e":{"a":1,"k":[{"i":{"x":[0.148],"y":[1]},"o":{"x":[0.843],"y":[0]},"n":["0p148_1_0p843_0"],"t":15,"s":[0],"e":[100]},{"t":27}],"ix":2},"o":{"a":0,"k":0,"ix":3},"m":1,"ix":3,"nm":"Pfade trimmen 2","mn":"ADBE Vector Filter - Trim"}],"ip":0,"op":651,"st":0,"bm":0,"sr":1},{"ddd":0,"ind":6,"ty":4,"nm":"Ebene 7 Konturen","ks":{"o":{"a":0,"k":100},"r":{"a":0,"k":0},"p":{"a":0,"k":[24,24,0]},"a":{"a":0,"k":[24,24,0]},"s":{"a":0,"k":[100,100,100]}},"ao":0,"shapes":[{"ty":"gr","it":[{"ind":0,"ty":"sh","ix":1,"ks":{"a":0,"k":{"i":[[0,0],[0,0]],"o":[[0,0],[0,0]],"v":[[22.5,28],[26.5,28]],"c":false}},"nm":"Pfad 1","mn":"ADBE Vector Shape - Group"},{"ty":"st","c":{"a":0,"k":[0,0,0,1]},"o":{"a":0,"k":100},"w":{"a":0,"k":1},"lc":2,"lj":2,"nm":"Kontur 1","mn":"ADBE Vector Graphic - Stroke"},{"ty":"tr","p":{"a":0,"k":[0,0],"ix":2},"a":{"a":0,"k":[0,0],"ix":1},"s":{"a":0,"k":[100,100],"ix":3},"r":{"a":0,"k":0,"ix":6},"o":{"a":0,"k":100,"ix":7},"sk":{"a":0,"k":0,"ix":4},"sa":{"a":0,"k":0,"ix":5},"nm":"Transformieren"}],"nm":"Gruppe 1","np":2,"cix":2,"ix":1,"mn":"ADBE Vector Group"},{"ty":"tm","s":{"a":0,"k":0,"ix":1},"e":{"a":0,"k":100,"ix":2},"o":{"a":0,"k":0,"ix":3},"m":1,"ix":2,"nm":"Pfade trimmen 1","mn":"ADBE Vector Filter - Trim"},{"ty":"tm","s":{"a":1,"k":[{"i":{"x":[0.667],"y":[1]},"o":{"x":[1],"y":[0]},"n":["0p667_1_1_0"],"t":64,"s":[0],"e":[100]},{"t":77}],"ix":1},"e":{"a":1,"k":[{"i":{"x":[0.148],"y":[1]},"o":{"x":[0.843],"y":[0]},"n":["0p148_1_0p843_0"],"t":13,"s":[0],"e":[100]},{"t":25}],"ix":2},"o":{"a":0,"k":0,"ix":3},"m":1,"ix":3,"nm":"Pfade trimmen 2","mn":"ADBE Vector Filter - Trim"}],"ip":0,"op":651,"st":0,"bm":0,"sr":1},{"ddd":0,"ind":7,"ty":4,"nm":"Ebene 8 Konturen","ks":{"o":{"a":0,"k":100},"r":{"a":0,"k":0},"p":{"a":0,"k":[24,24,0]},"a":{"a":0,"k":[24,24,0]},"s":{"a":0,"k":[100,100,100]}},"ao":0,"shapes":[{"ty":"gr","it":[{"ind":0,"ty":"sh","ix":1,"ks":{"a":0,"k":{"i":[[0,0],[0,0]],"o":[[0,0],[0,0]],"v":[[22.5,26],[26.5,26]],"c":false}},"nm":"Pfad 1","mn":"ADBE Vector Shape - Group"},{"ty":"st","c":{"a":0,"k":[0,0,0,1]},"o":{"a":0,"k":100},"w":{"a":0,"k":1},"lc":2,"lj":2,"nm":"Kontur 1","mn":"ADBE Vector Graphic - Stroke"},{"ty":"tr","p":{"a":0,"k":[0,0],"ix":2},"a":{"a":0,"k":[0,0],"ix":1},"s":{"a":0,"k":[100,100],"ix":3},"r":{"a":0,"k":0,"ix":6},"o":{"a":0,"k":100,"ix":7},"sk":{"a":0,"k":0,"ix":4},"sa":{"a":0,"k":0,"ix":5},"nm":"Transformieren"}],"nm":"Gruppe 1","np":2,"cix":2,"ix":1,"mn":"ADBE Vector Group"},{"ty":"tm","s":{"a":0,"k":0,"ix":1},"e":{"a":0,"k":100,"ix":2},"o":{"a":0,"k":0,"ix":3},"m":1,"ix":2,"nm":"Pfade trimmen 1","mn":"ADBE Vector Filter - Trim"},{"ty":"tm","s":{"a":1,"k":[{"i":{"x":[0.667],"y":[1]},"o":{"x":[1],"y":[0]},"n":["0p667_1_1_0"],"t":66,"s":[0],"e":[100]},{"t":79}],"ix":1},"e":{"a":1,"k":[{"i":{"x":[0.148],"y":[1]},"o":{"x":[0.843],"y":[0]},"n":["0p148_1_0p843_0"],"t":11,"s":[0],"e":[100]},{"t":23}],"ix":2},"o":{"a":0,"k":0,"ix":3},"m":1,"ix":3,"nm":"Pfade trimmen 2","mn":"ADBE Vector Filter - Trim"}],"ip":0,"op":651,"st":0,"bm":0,"sr":1},{"ddd":0,"ind":8,"ty":4,"nm":"Ebene 9 Konturen","ks":{"o":{"a":0,"k":100},"r":{"a":0,"k":0},"p":{"a":0,"k":[24,24,0]},"a":{"a":0,"k":[24,24,0]},"s":{"a":0,"k":[100,100,100]}},"ao":0,"shapes":[{"ty":"gr","it":[{"ind":0,"ty":"sh","ix":1,"ks":{"a":0,"k":{"i":[[0,0],[0,0]],"o":[[0,0],[0,0]],"v":[[15.5,32],[18.5,32]],"c":false}},"nm":"Pfad 1","mn":"ADBE Vector Shape - Group"},{"ty":"st","c":{"a":0,"k":[0,0,0,1]},"o":{"a":0,"k":100},"w":{"a":0,"k":1},"lc":2,"lj":2,"nm":"Kontur 1","mn":"ADBE Vector Graphic - Stroke"},{"ty":"tr","p":{"a":0,"k":[0,0],"ix":2},"a":{"a":0,"k":[0,0],"ix":1},"s":{"a":0,"k":[100,100],"ix":3},"r":{"a":0,"k":0,"ix":6},"o":{"a":0,"k":100,"ix":7},"sk":{"a":0,"k":0,"ix":4},"sa":{"a":0,"k":0,"ix":5},"nm":"Transformieren"}],"nm":"Gruppe 1","np":2,"cix":2,"ix":1,"mn":"ADBE Vector Group"},{"ty":"tm","s":{"a":0,"k":0,"ix":1},"e":{"a":0,"k":100,"ix":2},"o":{"a":0,"k":0,"ix":3},"m":1,"ix":2,"nm":"Pfade trimmen 1","mn":"ADBE Vector Filter - Trim"},{"ty":"tm","s":{"a":1,"k":[{"i":{"x":[0.667],"y":[1]},"o":{"x":[1],"y":[0]},"n":["0p667_1_1_0"],"t":68,"s":[0],"e":[100]},{"t":81}],"ix":1},"e":{"a":1,"k":[{"i":{"x":[0.148],"y":[1]},"o":{"x":[0.843],"y":[0]},"n":["0p148_1_0p843_0"],"t":9,"s":[0],"e":[100]},{"t":21}],"ix":2},"o":{"a":0,"k":0,"ix":3},"m":1,"ix":3,"nm":"Pfade trimmen 2","mn":"ADBE Vector Filter - Trim"}],"ip":0,"op":651,"st":0,"bm":0,"sr":1},{"ddd":0,"ind":9,"ty":4,"nm":"Ebene 10 Konturen","ks":{"o":{"a":0,"k":100},"r":{"a":0,"k":0},"p":{"a":0,"k":[24,24,0]},"a":{"a":0,"k":[24,24,0]},"s":{"a":0,"k":[100,100,100]}},"ao":0,"shapes":[{"ty":"gr","it":[{"ind":0,"ty":"sh","ix":1,"ks":{"a":0,"k":{"i":[[0,0],[0,0]],"o":[[0,0],[0,0]],"v":[[15.5,30],[19.5,30]],"c":false}},"nm":"Pfad 1","mn":"ADBE Vector Shape - Group"},{"ty":"st","c":{"a":0,"k":[0,0,0,1]},"o":{"a":0,"k":100},"w":{"a":0,"k":1},"lc":2,"lj":2,"nm":"Kontur 1","mn":"ADBE Vector Graphic - Stroke"},{"ty":"tr","p":{"a":0,"k":[0,0],"ix":2},"a":{"a":0,"k":[0,0],"ix":1},"s":{"a":0,"k":[100,100],"ix":3},"r":{"a":0,"k":0,"ix":6},"o":{"a":0,"k":100,"ix":7},"sk":{"a":0,"k":0,"ix":4},"sa":{"a":0,"k":0,"ix":5},"nm":"Transformieren"}],"nm":"Gruppe 1","np":2,"cix":2,"ix":1,"mn":"ADBE Vector Group"},{"ty":"tm","s":{"a":0,"k":0,"ix":1},"e":{"a":0,"k":100,"ix":2},"o":{"a":0,"k":0,"ix":3},"m":1,"ix":2,"nm":"Pfade trimmen 1","mn":"ADBE Vector Filter - Trim"},{"ty":"tm","s":{"a":1,"k":[{"i":{"x":[0.667],"y":[1]},"o":{"x":[1],"y":[0]},"n":["0p667_1_1_0"],"t":70,"s":[0],"e":[100]},{"t":83}],"ix":1},"e":{"a":1,"k":[{"i":{"x":[0.148],"y":[1]},"o":{"x":[0.843],"y":[0]},"n":["0p148_1_0p843_0"],"t":7,"s":[0],"e":[100]},{"t":19}],"ix":2},"o":{"a":0,"k":0,"ix":3},"m":1,"ix":3,"nm":"Pfade trimmen 2","mn":"ADBE Vector Filter - Trim"}],"ip":0,"op":651,"st":0,"bm":0,"sr":1},{"ddd":0,"ind":10,"ty":4,"nm":"Ebene 11 Konturen","ks":{"o":{"a":0,"k":100},"r":{"a":0,"k":0},"p":{"a":0,"k":[24,24,0]},"a":{"a":0,"k":[24,24,0]},"s":{"a":0,"k":[100,100,100]}},"ao":0,"shapes":[{"ty":"gr","it":[{"ind":0,"ty":"sh","ix":1,"ks":{"a":0,"k":{"i":[[0,0],[0,0]],"o":[[0,0],[0,0]],"v":[[15.5,28],[19.5,28]],"c":false}},"nm":"Pfad 1","mn":"ADBE Vector Shape - Group"},{"ty":"st","c":{"a":0,"k":[0,0,0,1]},"o":{"a":0,"k":100},"w":{"a":0,"k":1},"lc":2,"lj":2,"nm":"Kontur 1","mn":"ADBE Vector Graphic - Stroke"},{"ty":"tr","p":{"a":0,"k":[0,0],"ix":2},"a":{"a":0,"k":[0,0],"ix":1},"s":{"a":0,"k":[100,100],"ix":3},"r":{"a":0,"k":0,"ix":6},"o":{"a":0,"k":100,"ix":7},"sk":{"a":0,"k":0,"ix":4},"sa":{"a":0,"k":0,"ix":5},"nm":"Transformieren"}],"nm":"Gruppe 1","np":2,"cix":2,"ix":1,"mn":"ADBE Vector Group"},{"ty":"tm","s":{"a":0,"k":0,"ix":1},"e":{"a":0,"k":100,"ix":2},"o":{"a":0,"k":0,"ix":3},"m":1,"ix":2,"nm":"Pfade trimmen 1","mn":"ADBE Vector Filter - Trim"},{"ty":"tm","s":{"a":1,"k":[{"i":{"x":[0.667],"y":[1]},"o":{"x":[1],"y":[0]},"n":["0p667_1_1_0"],"t":72,"s":[0],"e":[100]},{"t":85}],"ix":1},"e":{"a":1,"k":[{"i":{"x":[0.148],"y":[1]},"o":{"x":[0.843],"y":[0]},"n":["0p148_1_0p843_0"],"t":5,"s":[0],"e":[100]},{"t":17}],"ix":2},"o":{"a":0,"k":0,"ix":3},"m":1,"ix":3,"nm":"Pfade trimmen 2","mn":"ADBE Vector Filter - Trim"}],"ip":0,"op":651,"st":0,"bm":0,"sr":1},{"ddd":0,"ind":11,"ty":4,"nm":"Ebene 12 Konturen","ks":{"o":{"a":0,"k":100},"r":{"a":0,"k":0},"p":{"a":0,"k":[24,24,0]},"a":{"a":0,"k":[24,24,0]},"s":{"a":0,"k":[100,100,100]}},"ao":0,"shapes":[{"ty":"gr","it":[{"ind":0,"ty":"sh","ix":1,"ks":{"a":0,"k":{"i":[[0,0],[0,0]],"o":[[0,0],[0,0]],"v":[[15.5,26],[19.5,26]],"c":false}},"nm":"Pfad 1","mn":"ADBE Vector Shape - Group"},{"ty":"st","c":{"a":0,"k":[0,0,0,1]},"o":{"a":0,"k":100},"w":{"a":0,"k":1},"lc":2,"lj":2,"nm":"Kontur 1","mn":"ADBE Vector Graphic - Stroke"},{"ty":"tr","p":{"a":0,"k":[0,0],"ix":2},"a":{"a":0,"k":[0,0],"ix":1},"s":{"a":0,"k":[100,100],"ix":3},"r":{"a":0,"k":0,"ix":6},"o":{"a":0,"k":100,"ix":7},"sk":{"a":0,"k":0,"ix":4},"sa":{"a":0,"k":0,"ix":5},"nm":"Transformieren"}],"nm":"Gruppe 1","np":2,"cix":2,"ix":1,"mn":"ADBE Vector Group"},{"ty":"tm","s":{"a":0,"k":0,"ix":1},"e":{"a":0,"k":100,"ix":2},"o":{"a":0,"k":0,"ix":3},"m":1,"ix":2,"nm":"Pfade trimmen 1","mn":"ADBE Vector Filter - Trim"},{"ty":"tm","s":{"a":1,"k":[{"i":{"x":[0.667],"y":[1]},"o":{"x":[1],"y":[0]},"n":["0p667_1_1_0"],"t":75,"s":[0],"e":[100]},{"t":88}],"ix":1},"e":{"a":1,"k":[{"i":{"x":[0.148],"y":[1]},"o":{"x":[0.843],"y":[0]},"n":["0p148_1_0p843_0"],"t":3,"s":[0],"e":[100]},{"t":15}],"ix":2},"o":{"a":0,"k":0,"ix":3},"m":1,"ix":3,"nm":"Pfade trimmen 2","mn":"ADBE Vector Filter - Trim"}],"ip":0,"op":651,"st":0,"bm":0,"sr":1},{"ddd":0,"ind":12,"ty":4,"nm":"Ebene 13 Konturen","ks":{"o":{"a":0,"k":100},"r":{"a":0,"k":0},"p":{"a":0,"k":[24,24,0]},"a":{"a":0,"k":[24,24,0]},"s":{"a":0,"k":[100,100,100]}},"ao":0,"shapes":[{"ty":"gr","it":[{"ind":0,"ty":"sh","ix":1,"ks":{"a":0,"k":{"i":[[0,0],[0,0],[0,0],[0,0]],"o":[[0,0],[0,0],[0,0],[0,0]],"v":[[-5.5,-3],[5.5,-3],[5.5,3],[-5.5,3]],"c":true}},"nm":"Pfad 1","mn":"ADBE Vector Shape - Group"},{"ty":"st","c":{"a":0,"k":[0,0,0,1]},"o":{"a":0,"k":100},"w":{"a":0,"k":1},"lc":2,"lj":2,"nm":"Kontur 1","mn":"ADBE Vector Graphic - Stroke"},{"ty":"tr","p":{"a":0,"k":[21,20.5],"ix":2},"a":{"a":0,"k":[0,0],"ix":1},"s":{"a":0,"k":[100,100],"ix":3},"r":{"a":0,"k":0,"ix":6},"o":{"a":0,"k":100,"ix":7},"sk":{"a":0,"k":0,"ix":4},"sa":{"a":0,"k":0,"ix":5},"nm":"Transformieren"}],"nm":"Gruppe 1","np":2,"cix":2,"ix":1,"mn":"ADBE Vector Group"},{"ty":"tm","s":{"a":1,"k":[{"i":{"x":[0.486],"y":[1]},"o":{"x":[0.783],"y":[0.001]},"n":["0p486_1_0p783_0p001"],"t":66,"s":[0],"e":[100]},{"t":89}],"ix":1},"e":{"a":1,"k":[{"i":{"x":[0.23],"y":[1]},"o":{"x":[0.804],"y":[0.001]},"n":["0p23_1_0p804_0p001"],"t":12,"s":[0],"e":[100]},{"t":31}],"ix":2},"o":{"a":0,"k":0,"ix":3},"m":1,"ix":2,"nm":"Pfade trimmen 1","mn":"ADBE Vector Filter - Trim"}],"ip":0,"op":651,"st":0,"bm":0,"sr":1},{"ddd":0,"ind":13,"ty":4,"nm":"Ebene 14 Konturen","ks":{"o":{"a":0,"k":100},"r":{"a":0,"k":0},"p":{"a":0,"k":[24,24,0]},"a":{"a":0,"k":[24,24,0]},"s":{"a":0,"k":[100,100,100]}},"ao":0,"shapes":[{"ty":"gr","it":[{"ind":0,"ty":"sh","ix":1,"ks":{"a":0,"k":{"i":[[0,0],[0,0]],"o":[[0,0],[0,0]],"v":[[15.5,15],[26.5,15]],"c":false}},"nm":"Pfad 1","mn":"ADBE Vector Shape - Group"},{"ty":"st","c":{"a":0,"k":[0,0,0,1]},"o":{"a":0,"k":100},"w":{"a":0,"k":1},"lc":2,"lj":2,"nm":"Kontur 1","mn":"ADBE Vector Graphic - Stroke"},{"ty":"tr","p":{"a":0,"k":[0,0],"ix":2},"a":{"a":0,"k":[0,0],"ix":1},"s":{"a":0,"k":[100,100],"ix":3},"r":{"a":0,"k":0,"ix":6},"o":{"a":0,"k":100,"ix":7},"sk":{"a":0,"k":0,"ix":4},"sa":{"a":0,"k":0,"ix":5},"nm":"Transformieren"}],"nm":"Gruppe 1","np":2,"cix":2,"ix":1,"mn":"ADBE Vector Group"},{"ty":"tm","s":{"a":1,"k":[{"i":{"x":[0.667],"y":[1]},"o":{"x":[1],"y":[0]},"n":["0p667_1_1_0"],"t":54,"s":[0],"e":[100]},{"t":67}],"ix":1},"e":{"a":1,"k":[{"i":{"x":[0.148],"y":[1]},"o":{"x":[0.843],"y":[0]},"n":["0p148_1_0p843_0"],"t":25,"s":[0],"e":[100]},{"t":37}],"ix":2},"o":{"a":0,"k":0,"ix":3},"m":1,"ix":2,"nm":"Pfade trimmen 1","mn":"ADBE Vector Filter - Trim"}],"ip":0,"op":651,"st":0,"bm":0,"sr":1}]}