{"v":"5.6.10","fr":25,"ip":0,"op":126,"w":1080,"h":1080,"nm":"Test 2","ddd":0,"assets":[],"layers":[{"ddd":0,"ind":2,"ty":4,"nm":"cizgi 2","parent":5,"sr":1,"ks":{"o":{"a":0,"k":100},"r":{"a":0,"k":-120},"p":{"a":0,"k":[0,0,0]},"a":{"a":0,"k":[0,0,0]},"s":{"a":0,"k":[100,100,100]}},"ao":0,"shapes":[{"ty":"gr","it":[{"ind":0,"ty":"sh","ks":{"a":0,"k":{"i":[[0,0],[0,0]],"o":[[0,0],[0,0]],"v":[[-229,-562],[424,572]],"c":false}},"nm":"Path 1","hd":false},{"ty":"st","c":{"a":0,"k":[1,1,1,1]},"o":{"a":0,"k":100},"w":{"a":0,"k":8},"lc":1,"lj":1,"ml":4,"bm":0,"nm":"Stroke 1","hd":false},{"ty":"tr","p":{"a":0,"k":[0,0]},"a":{"a":0,"k":[0,0]},"s":{"a":0,"k":[100,100]},"r":{"a":0,"k":0},"o":{"a":0,"k":100},"sk":{"a":0,"k":0},"sa":{"a":0,"k":0},"nm":"Transform"}],"nm":"Shape 1","bm":0,"hd":false},{"ty":"tm","s":{"a":1,"k":[{"i":{"x":[0.833],"y":[0.833]},"o":{"x":[0.167],"y":[0.167]},"t":74,"s":[0]},{"t":78,"s":[100]}]},"e":{"a":1,"k":[{"i":{"x":[0.833],"y":[0.833]},"o":{"x":[0.167],"y":[0.167]},"t":72,"s":[0]},{"t":77,"s":[100]}]},"o":{"a":0,"k":0},"m":1,"nm":"Trim Paths 1","hd":false}],"ip":72,"op":79,"st":72,"bm":0},{"ddd":0,"ind":3,"ty":4,"nm":"cizgi 3","parent":5,"sr":1,"ks":{"o":{"a":0,"k":100},"r":{"a":0,"k":-240},"p":{"a":0,"k":[0,26,0]},"a":{"a":0,"k":[0,0,0]},"s":{"a":0,"k":[100,100,100]}},"ao":0,"shapes":[{"ty":"gr","it":[{"ind":0,"ty":"sh","ks":{"a":0,"k":{"i":[[0,0],[0,0]],"o":[[0,0],[0,0]],"v":[[-229,-562],[424,572]],"c":false}},"nm":"Path 1","hd":false},{"ty":"st","c":{"a":0,"k":[1,1,1,1]},"o":{"a":0,"k":100},"w":{"a":0,"k":8},"lc":1,"lj":1,"ml":4,"bm":0,"nm":"Stroke 1","hd":false},{"ty":"tr","p":{"a":0,"k":[0,0]},"a":{"a":0,"k":[0,0]},"s":{"a":0,"k":[100,100]},"r":{"a":0,"k":0},"o":{"a":0,"k":100},"sk":{"a":0,"k":0},"sa":{"a":0,"k":0},"nm":"Transform"}],"nm":"Shape 1","bm":0,"hd":false},{"ty":"tm","s":{"a":1,"k":[{"i":{"x":[0.833],"y":[0.833]},"o":{"x":[0.167],"y":[0.167]},"t":68,"s":[0]},{"t":72,"s":[100]}]},"e":{"a":1,"k":[{"i":{"x":[0.833],"y":[0.833]},"o":{"x":[0.167],"y":[0.167]},"t":66,"s":[0]},{"t":71,"s":[100]}]},"o":{"a":0,"k":0},"m":1,"nm":"Trim Paths 1","hd":false}],"ip":66,"op":79,"st":66,"bm":0},{"ddd":0,"ind":4,"ty":4,"nm":"cizgi","parent":5,"sr":1,"ks":{"o":{"a":0,"k":100},"r":{"a":0,"k":0},"p":{"a":0,"k":[0,0,0]},"a":{"a":0,"k":[0,0,0]},"s":{"a":0,"k":[100,100,100]}},"ao":0,"shapes":[{"ty":"gr","it":[{"ind":0,"ty":"sh","ks":{"a":0,"k":{"i":[[0,0],[0,0]],"o":[[0,0],[0,0]],"v":[[-229,-562],[424,572]],"c":false}},"nm":"Path 1","hd":false},{"ty":"st","c":{"a":0,"k":[1,1,1,1]},"o":{"a":0,"k":100},"w":{"a":0,"k":8},"lc":1,"lj":1,"ml":4,"bm":0,"nm":"Stroke 1","hd":false},{"ty":"tr","p":{"a":0,"k":[0,0]},"a":{"a":0,"k":[0,0]},"s":{"a":0,"k":[100,100]},"r":{"a":0,"k":0},"o":{"a":0,"k":100},"sk":{"a":0,"k":0},"sa":{"a":0,"k":0},"nm":"Transform"}],"nm":"Shape 1","bm":0,"hd":false},{"ty":"tm","s":{"a":1,"k":[{"i":{"x":[0.833],"y":[0.833]},"o":{"x":[0.167],"y":[0.167]},"t":62,"s":[0]},{"t":66,"s":[100]}]},"e":{"a":1,"k":[{"i":{"x":[0.833],"y":[0.833]},"o":{"x":[0.167],"y":[0.167]},"t":60,"s":[0]},{"t":65,"s":[100]}]},"o":{"a":0,"k":0},"m":1,"nm":"Trim Paths 1","hd":false}],"ip":60,"op":79,"st":60,"bm":0},{"ddd":0,"ind":5,"ty":3,"nm":"Null 2","sr":1,"ks":{"o":{"a":0,"k":0},"r":{"a":1,"k":[{"i":{"x":[0.667],"y":[1]},"o":{"x":[0.167],"y":[0.167]},"t":62,"s":[0]},{"i":{"x":[0.833],"y":[1]},"o":{"x":[0.333],"y":[0]},"t":68,"s":[13]},{"i":{"x":[0.667],"y":[1]},"o":{"x":[0.167],"y":[0.167]},"t":69,"s":[13]},{"i":{"x":[0.833],"y":[0.833]},"o":{"x":[0.333],"y":[0]},"t":73,"s":[42]},{"i":{"x":[0.667],"y":[1]},"o":{"x":[0.167],"y":[0.167]},"t":76,"s":[23]},{"i":{"x":[0.833],"y":[1]},"o":{"x":[0.46],"y":[0]},"t":81,"s":[98]},{"i":{"x":[0.833],"y":[1]},"o":{"x":[0.167],"y":[0]},"t":85,"s":[-11]},{"i":{"x":[0.833],"y":[1]},"o":{"x":[0.167],"y":[0]},"t":89,"s":[3]},{"t":93,"s":[0]}]},"p":{"a":1,"k":[{"i":{"x":0.833,"y":0.833},"o":{"x":0.167,"y":0.167},"t":62,"s":[540,540,0],"to":[3.333,2,0],"ti":[2.333,0,0]},{"i":{"x":0.833,"y":0.833},"o":{"x":0.167,"y":0.167},"t":68,"s":[560,552,0],"to":[-2.333,0,0],"ti":[3.292,2,0]},{"i":{"x":0.667,"y":1},"o":{"x":0.167,"y":0.167},"t":73,"s":[526,540,0],"to":[-3.292,-2,0],"ti":[-2.375,0,0]},{"t":81,"s":[540.25,540,0]}]},"a":{"a":0,"k":[0,0,0]},"s":{"a":0,"k":[100,100,100]}},"ao":0,"ef":[{"ty":5,"nm":"Wiggle - position","np":4,"mn":"ADBE CM WigglePosition","ix":1,"en":1,"ef":[{"ty":0,"nm":"Wiggle Speed (wigs/sec)","mn":"ADBE CM WigglePosition-0001","ix":1,"v":{"a":0,"k":1}},{"ty":0,"nm":"Wiggle Amount (pixels)","mn":"ADBE CM WigglePosition-0002","ix":2,"v":{"a":0,"k":0}}]},{"ty":5,"nm":"(Transform)","np":14,"mn":"ADBE Geometry2","ix":2,"en":1,"ef":[{"ty":3,"nm":"Anchor Point","mn":"ADBE Geometry2-0001","ix":1,"v":{"a":0,"k":[0,0]}},{"ty":3,"nm":"Position","mn":"ADBE Geometry2-0002","ix":2,"v":{"a":0,"k":[0,0],"x":"var $bm_rt;\n$bm_rt = wiggle(effect('Wiggle - position')('Wiggle Speed (wigs/sec)'), effect('Wiggle - position')('Wiggle Amount (pixels)'));"}},{"ty":7,"nm":"Uniform Scale","mn":"ADBE Geometry2-0011","ix":3,"v":{"a":0,"k":1}},{"ty":0,"nm":"Scale Height","mn":"ADBE Geometry2-0003","ix":4,"v":{"a":0,"k":100}},{"ty":0,"nm":"Scale Width","mn":"ADBE Geometry2-0004","ix":5,"v":{"a":0,"k":100}},{"ty":0,"nm":"Skew","mn":"ADBE Geometry2-0005","ix":6,"v":{"a":0,"k":0}},{"ty":0,"nm":"Skew Axis","mn":"ADBE Geometry2-0006","ix":7,"v":{"a":0,"k":0}},{"ty":0,"nm":"Rotation","mn":"ADBE Geometry2-0007","ix":8,"v":{"a":0,"k":0}},{"ty":0,"nm":"Opacity","mn":"ADBE Geometry2-0008","ix":9,"v":{"a":0,"k":100}},{"ty":7,"nm":"Use Composition’s Shutter Angle","mn":"ADBE Geometry2-0009","ix":10,"v":{"a":0,"k":1}},{"ty":0,"nm":"Shutter Angle","mn":"ADBE Geometry2-0010","ix":11,"v":{"a":0,"k":0}},{"ty":7,"nm":"Sampling","mn":"ADBE Geometry2-0012","ix":12,"v":{"a":0,"k":1}}]}],"ip":62,"op":362,"st":62,"bm":0},{"ddd":0,"ind":6,"ty":4,"nm":"daire Outlines 5","parent":5,"sr":1,"ks":{"o":{"a":1,"k":[{"i":{"x":[0.667],"y":[1]},"o":{"x":[0.333],"y":[0]},"t":75,"s":[100]},{"t":79,"s":[0]}]},"r":{"a":0,"k":-119.891},"p":{"a":1,"k":[{"i":{"x":0.667,"y":1},"o":{"x":0.167,"y":0.167},"t":74,"s":[0,4,0],"to":[-57.163,-67.744,0],"ti":[57.163,67.744,0]},{"t":81,"s":[-342.98,-402.461,0]}]},"a":{"a":0,"k":[149.34,149.341,0]},"s":{"a":0,"k":[125,125,100]}},"ao":0,"shapes":[{"ty":"gr","it":[{"ind":0,"ty":"sh","ks":{"a":0,"k":{"i":[[-5.199,-70.58],[15.809,-23.667],[29.656,59.159]],"o":[[2.248,30.515],[-31.695,-33.726],[90,-3.309]],"v":[[139.327,-19.78],[115.731,66.796],[-10.399,-149.891]],"c":true}},"nm":"Path 1","hd":false},{"ty":"fl","c":{"a":0,"k":[1,0.74900004069,0,1]},"o":{"a":0,"k":100},"r":1,"bm":0,"nm":"Fill 1","hd":false},{"ty":"tr","p":{"a":0,"k":[149.34,149.341]},"a":{"a":0,"k":[0,0]},"s":{"a":0,"k":[100,100]},"r":{"a":0,"k":0},"o":{"a":0,"k":100},"sk":{"a":0,"k":0},"sa":{"a":0,"k":0},"nm":"Transform"}],"nm":"Group 1","bm":0,"hd":false}],"ip":62,"op":82,"st":38,"bm":0},{"ddd":0,"ind":7,"ty":4,"nm":"daire Outlines 4","parent":5,"sr":1,"ks":{"o":{"a":1,"k":[{"i":{"x":[0.667],"y":[1]},"o":{"x":[0.333],"y":[0]},"t":72,"s":[100]},{"t":76,"s":[0]}]},"r":{"a":0,"k":0},"p":{"a":1,"k":[{"i":{"x":0.667,"y":1},"o":{"x":0.167,"y":0.167},"t":68,"s":[0,4,0],"to":[-48.221,55.211,0],"ti":[48.221,-55.211,0]},{"t":79,"s":[-289.323,335.264,0]}]},"a":{"a":0,"k":[149.34,149.341,0]},"s":{"a":0,"k":[125,125,100]}},"ao":0,"shapes":[{"ty":"gr","it":[{"ind":0,"ty":"sh","ks":{"a":0,"k":{"i":[[-81.357,1.233],[52.062,0],[26.701,40.23]],"o":[[-26.665,40.439],[-51.902,0],[80.71,0.46]],"v":[[124.771,81.007],[0.001,149.091],[-126.52,81.045]],"c":true}},"nm":"Path 1","hd":false},{"ty":"fl","c":{"a":0,"k":[1,0.74900004069,0,1]},"o":{"a":0,"k":100},"r":1,"bm":0,"nm":"Fill 1","hd":false},{"ty":"tr","p":{"a":0,"k":[149.34,149.341]},"a":{"a":0,"k":[0,0]},"s":{"a":0,"k":[100,100]},"r":{"a":0,"k":0},"o":{"a":0,"k":100},"sk":{"a":0,"k":0},"sa":{"a":0,"k":0},"nm":"Transform"}],"nm":"Group 1","bm":0,"hd":false}],"ip":62,"op":82,"st":38,"bm":0},{"ddd":0,"ind":8,"ty":4,"nm":"daire Outlines 3","parent":5,"sr":1,"ks":{"o":{"a":1,"k":[{"i":{"x":[0.667],"y":[1]},"o":{"x":[0.333],"y":[0]},"t":66,"s":[100]},{"t":70,"s":[0]}]},"r":{"a":1,"k":[{"i":{"x":[0.667],"y":[1]},"o":{"x":[0.167],"y":[0.167]},"t":62,"s":[0]},{"t":77,"s":[45]}]},"p":{"a":1,"k":[{"i":{"x":0.667,"y":1},"o":{"x":0.167,"y":0.167},"t":62,"s":[0,4,0],"to":[75.02,-31.277,0],"ti":[-75.02,31.277,0]},{"t":77,"s":[450.122,-183.664,0]}]},"a":{"a":0,"k":[149.34,149.341,0]},"s":{"a":0,"k":[125,125,100]}},"ao":0,"shapes":[{"ty":"gr","it":[{"ind":0,"ty":"sh","ks":{"a":0,"k":{"i":[[0,-82.34],[15.809,-23.667],[33.999,57.491]],"o":[[0,30.597],[-22.865,-43.109],[89.999,-3.309]],"v":[[149.09,0],[124.065,82.709],[-10.399,-149.891]],"c":true}},"nm":"Path 1","hd":false},{"ty":"fl","c":{"a":0,"k":[1,0.74900004069,0,1]},"o":{"a":0,"k":100},"r":1,"bm":0,"nm":"Fill 1","hd":false},{"ty":"tr","p":{"a":0,"k":[149.34,149.341]},"a":{"a":0,"k":[0,0]},"s":{"a":0,"k":[100,100]},"r":{"a":0,"k":0},"o":{"a":0,"k":100},"sk":{"a":0,"k":0},"sa":{"a":0,"k":0},"nm":"Transform"}],"nm":"Group 1","bm":0,"hd":false}],"ip":62,"op":82,"st":38,"bm":0},{"ddd":0,"ind":10,"ty":4,"nm":"Layer 2 Outlines 3","sr":1,"ks":{"o":{"a":0,"k":100},"r":{"a":0,"k":0},"p":{"a":1,"k":[{"i":{"x":0.367,"y":1},"o":{"x":0.167,"y":0.167},"t":87,"s":[-220,1284,0],"to":[126.667,-124,0],"ti":[-126.667,124,0]},{"i":{"x":0.385,"y":0.385},"o":{"x":0.167,"y":0.167},"t":94,"s":[540,540,0],"to":[0,0,0],"ti":[0,0,0]},{"i":{"x":0.359,"y":1},"o":{"x":0.629,"y":0},"t":106,"s":[540,540,0],"to":[-144.917,-68.5,0],"ti":[144.917,68.5,0]},{"t":117,"s":[-329.5,129,0]}]},"a":{"a":0,"k":[183.037,183.033,0]},"s":{"a":1,"k":[{"i":{"x":[0.359,0.359,0.667],"y":[1,1,1]},"o":{"x":[0.629,0.629,0.333],"y":[0,0,0]},"t":106,"s":[100,100,100]},{"t":117,"s":[50,50,100]}]}},"ao":0,"shapes":[{"ty":"gr","it":[{"ind":0,"ty":"sh","ks":{"a":1,"k":[{"i":{"x":0.667,"y":1},"o":{"x":0.333,"y":0},"t":93,"s":[{"i":[[0,0],[0,0],[0,0],[0,0],[0,0],[0,0]],"o":[[0,0],[0,0],[0,0],[0,0],[0,0],[0,0]],"v":[[-80.406,-182.783],[-925.601,668.784],[-925.601,931.969],[-662.4,931.969],[182.787,80.41],[182.787,-182.783]],"c":true}]},{"t":98,"s":[{"i":[[0,0],[0,0],[0,0],[0,0],[0,0],[0,0]],"o":[[0,0],[0,0],[0,0],[0,0],[0,0],[0,0]],"v":[[-80.406,-182.783],[-182.787,-80.402],[-182.787,182.783],[80.414,182.783],[182.787,80.41],[182.787,-182.783]],"c":true}]}]},"nm":"Path 1","hd":false},{"ty":"fl","c":{"a":0,"k":[0.161000001197,0.075,0.224000010771,1]},"o":{"a":0,"k":100},"r":1,"bm":0,"nm":"Fill 1","hd":false},{"ty":"tr","p":{"a":0,"k":[183.037,183.033]},"a":{"a":0,"k":[0,0]},"s":{"a":0,"k":[100,100]},"r":{"a":0,"k":0},"o":{"a":0,"k":100},"sk":{"a":0,"k":0},"sa":{"a":0,"k":0},"nm":"Transform"}],"nm":"Group 1","bm":0,"hd":false}],"ip":86,"op":1863,"st":86,"bm":0},{"ddd":0,"ind":12,"ty":4,"nm":"üçgen Outlines 3","parent":5,"sr":1,"ks":{"o":{"a":0,"k":100},"r":{"a":0,"k":0},"p":{"a":0,"k":[0,-28,0]},"a":{"a":0,"k":[156.513,135.578,0]},"s":{"a":0,"k":[100,100,100]}},"ao":0,"shapes":[{"ty":"gr","it":[{"ind":0,"ty":"sh","ks":{"a":0,"k":{"i":[[0,0],[0,0],[0,0]],"o":[[0,0],[0,0],[0,0]],"v":[[0,-135.328],[156.263,135.328],[-156.263,135.328]],"c":true}},"nm":"Path 1","hd":false},{"ty":"fl","c":{"a":0,"k":[1,0.749019607843,0,1]},"o":{"a":0,"k":100},"r":1,"bm":0,"nm":"Fill 1","hd":false},{"ty":"tr","p":{"a":0,"k":[156.513,135.578]},"a":{"a":0,"k":[0,0]},"s":{"a":0,"k":[100,100]},"r":{"a":0,"k":0},"o":{"a":0,"k":100},"sk":{"a":0,"k":0},"sa":{"a":0,"k":0},"nm":"Transform"}],"nm":"Group 1","bm":0,"hd":false}],"ip":62,"op":77,"st":0,"bm":0},{"ddd":0,"ind":13,"ty":4,"nm":"üçgen Outlines 4","parent":5,"sr":1,"ks":{"o":{"a":0,"k":100},"r":{"a":0,"k":0},"p":{"a":0,"k":[0,-28,0]},"a":{"a":0,"k":[156.513,135.578,0]},"s":{"a":0,"k":[100,100,100]}},"ao":0,"shapes":[{"ty":"gr","it":[{"ind":0,"ty":"sh","ks":{"a":1,"k":[{"i":{"x":0.667,"y":1},"o":{"x":0.167,"y":0.167},"t":0,"s":[{"i":[[0,0],[0,0],[0,0],[0,0]],"o":[[0,0],[0,0],[0,0],[0,0]],"v":[[0,-135.328],[0.004,-135.321],[156.263,135.328],[-156.263,135.328]],"c":true}]},{"i":{"x":0.667,"y":1},"o":{"x":0.333,"y":0},"t":82,"s":[{"i":[[0,0],[0,0],[0,0],[0,0]],"o":[[0,0],[0,0],[0,0],[0,0]],"v":[[0,-135.328],[0.004,-135.321],[156.263,135.328],[-156.263,135.328]],"c":true}]},{"t":89,"s":[{"i":[[0,0],[0,0],[0,0],[0,0]],"o":[[0,0],[0,0],[0,0],[0,0]],"v":[[-132,-103.078],[131.66,-103.224],[131.763,160.177],[-131.651,160.44]],"c":true}]}]},"nm":"Path 1","hd":false},{"ty":"fl","c":{"a":0,"k":[1,1,1,1]},"o":{"a":0,"k":100},"r":1,"bm":0,"nm":"Fill 1","hd":false},{"ty":"tr","p":{"a":0,"k":[156.513,135.578]},"a":{"a":0,"k":[0,0]},"s":{"a":0,"k":[100,100]},"r":{"a":0,"k":0},"o":{"a":0,"k":100},"sk":{"a":0,"k":0},"sa":{"a":0,"k":0},"nm":"Transform"}],"nm":"Group 1","bm":0,"hd":false}],"ip":76,"op":92,"st":0,"bm":0},{"ddd":0,"ind":14,"ty":4,"nm":"daire Outlines","sr":1,"ks":{"o":{"a":0,"k":100},"r":{"a":0,"k":0},"p":{"a":1,"k":[{"i":{"x":0.833,"y":0.833},"o":{"x":0.756,"y":0},"t":46,"s":[540,540,0],"to":[0,71,0],"ti":[0,-71,0]},{"i":{"x":0.833,"y":0.833},"o":{"x":0.167,"y":0.167},"t":54,"s":[540,966,0],"to":[0,0,0],"ti":[0,0,0]},{"i":{"x":0.667,"y":1},"o":{"x":0.167,"y":0.167},"t":55,"s":[540,966,0],"to":[0,-70.333,0],"ti":[0,70.333,0]},{"t":62,"s":[540,544,0]}]},"a":{"a":0,"k":[149.34,149.341,0]},"s":{"a":1,"k":[{"i":{"x":[0.667,0.667,0.667],"y":[1,1,1]},"o":{"x":[0.167,0.167,0.167],"y":[0.167,0.167,20.833]},"t":38,"s":[0,0,100]},{"i":{"x":[0.833,0.833,0.833],"y":[1,1,1]},"o":{"x":[0.333,0.333,0.333],"y":[0,0,0]},"t":44,"s":[150,150,100]},{"t":50,"s":[125,125,100]}]}},"ao":0,"shapes":[{"ty":"gr","it":[{"ind":0,"ty":"sh","ks":{"a":1,"k":[{"i":{"x":0.833,"y":0.833},"o":{"x":0.167,"y":0.167},"t":49,"s":[{"i":[[0,-82.34],[82.34,0],[0,82.341],[-82.341,0]],"o":[[0,82.341],[-82.341,0],[0,-82.34],[82.34,0]],"v":[[149.09,0],[0.001,149.091],[-149.09,0],[0.001,-149.091]],"c":true}]},{"i":{"x":0.833,"y":0.833},"o":{"x":0.167,"y":0.167},"t":53,"s":[{"i":[[0,-82.34],[82.34,0],[0,82.341],[-82.341,0]],"o":[[0,82.341],[-82.341,0],[0,-82.34],[82.34,0]],"v":[[137.891,-0.748],[0.261,161.891],[-141.09,-0.748],[-0.539,-168.291]],"c":true}]},{"i":{"x":0.833,"y":0.833},"o":{"x":0.167,"y":0.167},"t":54,"s":[{"i":[[0.86,-82.335],[127.739,-0.291],[-2.109,94.837],[-82.341,0]],"o":[[-1.09,104.437],[-149.408,0.34],[1.831,-82.32],[82.34,0]],"v":[[179.49,-0.615],[-1.619,93.091],[-193.891,-0.615],[-2.14,-120.291]],"c":true}]},{"i":{"x":0.833,"y":0.833},"o":{"x":0.167,"y":0.167},"t":55,"s":[{"i":[[0.86,-82.335],[127.739,-0.291],[-2.109,94.837],[-82.341,0]],"o":[[-1.09,104.437],[-149.408,0.34],[1.831,-82.32],[82.34,0]],"v":[[179.49,-0.615],[-1.619,93.091],[-193.891,-0.615],[-2.42,-90.691]],"c":true}]},{"i":{"x":0.833,"y":0.833},"o":{"x":0.167,"y":0.167},"t":58,"s":[{"i":[[0.43,-82.338],[105.04,-0.145],[-1.055,88.589],[-82.341,0]],"o":[[-0.545,93.389],[-115.875,0.17],[0.916,-82.33],[82.34,0]],"v":[[164.84,-37.107],[-0.559,146.691],[-170.721,-30.707],[-1.1,-208.291]],"c":true}]},{"t":62,"s":[{"i":[[0,-82.34],[82.34,0],[0,82.341],[-82.341,0]],"o":[[0,82.341],[-82.341,0],[0,-82.34],[82.34,0]],"v":[[149.09,0],[0.001,149.091],[-149.09,0],[0.001,-149.091]],"c":true}]}]},"nm":"Path 1","hd":false},{"ty":"fl","c":{"a":0,"k":[1,0.74900004069,0,1]},"o":{"a":0,"k":100},"r":1,"bm":0,"nm":"Fill 1","hd":false},{"ty":"tr","p":{"a":0,"k":[149.34,149.341]},"a":{"a":0,"k":[0,0]},"s":{"a":0,"k":[100,100]},"r":{"a":0,"k":0},"o":{"a":0,"k":100},"sk":{"a":0,"k":0},"sa":{"a":0,"k":0},"nm":"Transform"}],"nm":"Group 1","bm":0,"hd":false}],"ip":38,"op":62,"st":38,"bm":0},{"ddd":0,"ind":15,"ty":3,"nm":"Null 1","sr":1,"ks":{"o":{"a":0,"k":0},"r":{"a":1,"k":[{"i":{"x":[0.207],"y":[1]},"o":{"x":[0.333],"y":[0]},"t":8,"s":[0]},{"i":{"x":[0.833],"y":[1]},"o":{"x":[0.758],"y":[0]},"t":12,"s":[27]},{"i":{"x":[0.833],"y":[1]},"o":{"x":[0.167],"y":[0]},"t":16,"s":[-4]},{"i":{"x":[0.667],"y":[1]},"o":{"x":[0.167],"y":[0]},"t":20,"s":[0]},{"i":{"x":[0.667],"y":[1]},"o":{"x":[0.333],"y":[0]},"t":27,"s":[0]},{"i":{"x":[0.833],"y":[1]},"o":{"x":[0.333],"y":[0]},"t":33,"s":[-16]},{"t":52,"s":[590]}]},"p":{"a":0,"k":[540,540,0]},"a":{"a":0,"k":[0,0,0]},"s":{"a":1,"k":[{"i":{"x":[0.833,0.833,0.833],"y":[0.833,0.833,0.833]},"o":{"x":[0.167,0.167,0.167],"y":[0.167,0.167,0.167]},"t":39,"s":[100,100,100]},{"t":48,"s":[0,0,100]}]}},"ao":0,"ip":0,"op":300,"st":0,"bm":0},{"ddd":0,"ind":16,"ty":4,"nm":"Shape Layer 4","parent":15,"sr":1,"ks":{"o":{"a":0,"k":100},"r":{"a":0,"k":270},"p":{"a":1,"k":[{"i":{"x":0.074,"y":1},"o":{"x":0.333,"y":0},"t":20,"s":[0,0,0],"to":[23.667,-23.667,0],"ti":[0,0,0]},{"i":{"x":0.074,"y":0.074},"o":{"x":0.434,"y":0.434},"t":27,"s":[142,-142,0],"to":[0,0,0],"ti":[0,0,0]},{"i":{"x":0.833,"y":0.833},"o":{"x":0.784,"y":0},"t":30,"s":[142,-142,0],"to":[-37.167,37.209,0],"ti":[17.121,-17.121,0]},{"t":40,"s":[-81,81.253,0]}]},"a":{"a":0,"k":[0,0,0]},"s":{"a":1,"k":[{"i":{"x":[0.833,0.833,0.833],"y":[0.833,0.833,0.833]},"o":{"x":[0.167,0.167,0.167],"y":[0.167,0.167,0.167]},"t":27,"s":[100,100,100]},{"t":40,"s":[200,200,100]}]}},"ao":0,"ef":[{"ty":21,"nm":"Fill","np":9,"mn":"ADBE Fill","ix":1,"en":1,"ef":[{"ty":10,"nm":"Fill Mask","mn":"ADBE Fill-0001","ix":1,"v":{"a":0,"k":0}},{"ty":7,"nm":"All Masks","mn":"ADBE Fill-0007","ix":2,"v":{"a":0,"k":0}},{"ty":2,"nm":"Color","mn":"ADBE Fill-0002","ix":3,"v":{"a":0,"k":[1,1,1,1]}},{"ty":7,"nm":"Invert","mn":"ADBE Fill-0006","ix":4,"v":{"a":0,"k":0}},{"ty":0,"nm":"Horizontal Feather","mn":"ADBE Fill-0003","ix":5,"v":{"a":0,"k":0}},{"ty":0,"nm":"Vertical Feather","mn":"ADBE Fill-0004","ix":6,"v":{"a":0,"k":0}},{"ty":0,"nm":"Opacity","mn":"ADBE Fill-0005","ix":7,"v":{"a":0,"k":1}}]}],"shapes":[{"ty":"gr","it":[{"ty":"rc","d":1,"s":{"a":0,"k":[75,75]},"p":{"a":0,"k":[0,0]},"r":{"a":0,"k":0},"nm":"Rectangle Path 1","hd":false},{"ty":"fl","c":{"a":0,"k":[0.807843137255,0.066528252994,0.066528252994,1]},"o":{"a":0,"k":100},"r":1,"bm":0,"nm":"Fill 1","hd":false},{"ty":"tr","p":{"a":0,"k":[77.875,78]},"a":{"a":0,"k":[0,0]},"s":{"a":0,"k":[100,100]},"r":{"a":0,"k":0},"o":{"a":0,"k":100},"sk":{"a":0,"k":0},"sa":{"a":0,"k":0},"nm":"Transform"}],"nm":"Rectangle 1","bm":0,"hd":false}],"ip":20,"op":320,"st":20,"bm":0},{"ddd":0,"ind":17,"ty":4,"nm":"Shape Layer 3","parent":15,"sr":1,"ks":{"o":{"a":0,"k":100},"r":{"a":0,"k":180},"p":{"a":1,"k":[{"i":{"x":0.074,"y":1},"o":{"x":0.333,"y":0},"t":20,"s":[0,0,0],"to":[-23,-23.333,0],"ti":[0,0,0]},{"i":{"x":0.074,"y":0.074},"o":{"x":0.434,"y":0.434},"t":27,"s":[-138,-140,0],"to":[0,0,0],"ti":[0,0,0]},{"i":{"x":0.833,"y":0.833},"o":{"x":0.784,"y":0},"t":30,"s":[-138,-140,0],"to":[36.37,36.966,0],"ti":[-16.639,-16.88,0]},{"t":40,"s":[80.219,81.798,0]}]},"a":{"a":0,"k":[0,0,0]},"s":{"a":1,"k":[{"i":{"x":[0.833,0.833,0.833],"y":[0.833,0.833,0.833]},"o":{"x":[0.167,0.167,0.167],"y":[0.167,0.167,0.167]},"t":27,"s":[100,100,100]},{"t":40,"s":[200,200,100]}]}},"ao":0,"ef":[{"ty":21,"nm":"Fill","np":9,"mn":"ADBE Fill","ix":1,"en":1,"ef":[{"ty":10,"nm":"Fill Mask","mn":"ADBE Fill-0001","ix":1,"v":{"a":0,"k":0}},{"ty":7,"nm":"All Masks","mn":"ADBE Fill-0007","ix":2,"v":{"a":0,"k":0}},{"ty":2,"nm":"Color","mn":"ADBE Fill-0002","ix":3,"v":{"a":0,"k":[1,1,1,1]}},{"ty":7,"nm":"Invert","mn":"ADBE Fill-0006","ix":4,"v":{"a":0,"k":0}},{"ty":0,"nm":"Horizontal Feather","mn":"ADBE Fill-0003","ix":5,"v":{"a":0,"k":0}},{"ty":0,"nm":"Vertical Feather","mn":"ADBE Fill-0004","ix":6,"v":{"a":0,"k":0}},{"ty":0,"nm":"Opacity","mn":"ADBE Fill-0005","ix":7,"v":{"a":0,"k":1}}]}],"shapes":[{"ty":"gr","it":[{"ty":"rc","d":1,"s":{"a":0,"k":[75,75]},"p":{"a":0,"k":[0,0]},"r":{"a":0,"k":0},"nm":"Rectangle Path 1","hd":false},{"ty":"fl","c":{"a":0,"k":[0.807843137255,0.066528252994,0.066528252994,1]},"o":{"a":0,"k":100},"r":1,"bm":0,"nm":"Fill 1","hd":false},{"ty":"tr","p":{"a":0,"k":[77.875,78]},"a":{"a":0,"k":[0,0]},"s":{"a":0,"k":[100,100]},"r":{"a":0,"k":0},"o":{"a":0,"k":100},"sk":{"a":0,"k":0},"sa":{"a":0,"k":0},"nm":"Transform"}],"nm":"Rectangle 1","bm":0,"hd":false}],"ip":20,"op":320,"st":20,"bm":0},{"ddd":0,"ind":18,"ty":4,"nm":"Shape Layer 2","parent":15,"sr":1,"ks":{"o":{"a":0,"k":100},"r":{"a":0,"k":90},"p":{"a":1,"k":[{"i":{"x":0.074,"y":1},"o":{"x":0.333,"y":0},"t":20,"s":[0,0,0],"to":[-23.833,23.167,0],"ti":[0,0,0]},{"i":{"x":0.074,"y":0.074},"o":{"x":0.434,"y":0.434},"t":27,"s":[-143,139,0],"to":[0,0,0],"ti":[0,0,0]},{"i":{"x":0.833,"y":0.833},"o":{"x":0.784,"y":0},"t":30,"s":[-143,139,0],"to":[37.466,-36.835,0],"ti":[-17.242,16.759,0]},{"t":40,"s":[81.798,-82.009,0]}]},"a":{"a":0,"k":[0,0,0]},"s":{"a":1,"k":[{"i":{"x":[0.833,0.833,0.833],"y":[0.833,0.833,0.833]},"o":{"x":[0.167,0.167,0.167],"y":[0.167,0.167,0.167]},"t":27,"s":[100,100,100]},{"t":40,"s":[200,200,100]}]}},"ao":0,"ef":[{"ty":21,"nm":"Fill","np":9,"mn":"ADBE Fill","ix":1,"en":1,"ef":[{"ty":10,"nm":"Fill Mask","mn":"ADBE Fill-0001","ix":1,"v":{"a":0,"k":0}},{"ty":7,"nm":"All Masks","mn":"ADBE Fill-0007","ix":2,"v":{"a":0,"k":0}},{"ty":2,"nm":"Color","mn":"ADBE Fill-0002","ix":3,"v":{"a":0,"k":[1,1,1,1]}},{"ty":7,"nm":"Invert","mn":"ADBE Fill-0006","ix":4,"v":{"a":0,"k":0}},{"ty":0,"nm":"Horizontal Feather","mn":"ADBE Fill-0003","ix":5,"v":{"a":0,"k":0}},{"ty":0,"nm":"Vertical Feather","mn":"ADBE Fill-0004","ix":6,"v":{"a":0,"k":0}},{"ty":0,"nm":"Opacity","mn":"ADBE Fill-0005","ix":7,"v":{"a":0,"k":1}}]}],"shapes":[{"ty":"gr","it":[{"ty":"rc","d":1,"s":{"a":0,"k":[75,75]},"p":{"a":0,"k":[0,0]},"r":{"a":0,"k":0},"nm":"Rectangle Path 1","hd":false},{"ty":"fl","c":{"a":0,"k":[0.807843137255,0.066528252994,0.066528252994,1]},"o":{"a":0,"k":100},"r":1,"bm":0,"nm":"Fill 1","hd":false},{"ty":"tr","p":{"a":0,"k":[77.875,78]},"a":{"a":0,"k":[0,0]},"s":{"a":0,"k":[100,100]},"r":{"a":0,"k":0},"o":{"a":0,"k":100},"sk":{"a":0,"k":0},"sa":{"a":0,"k":0},"nm":"Transform"}],"nm":"Rectangle 1","bm":0,"hd":false}],"ip":20,"op":320,"st":20,"bm":0},{"ddd":0,"ind":19,"ty":4,"nm":"Shape Layer 1","parent":15,"sr":1,"ks":{"o":{"a":0,"k":100},"r":{"a":0,"k":0},"p":{"a":1,"k":[{"i":{"x":0.074,"y":1},"o":{"x":0.333,"y":0},"t":20,"s":[0,0,0],"to":[24,22.833,0],"ti":[0,0,0]},{"i":{"x":0.074,"y":0.074},"o":{"x":0.434,"y":0.434},"t":27,"s":[144,137,0],"to":[0,0,0],"ti":[0,0,0]},{"i":{"x":0.833,"y":0.833},"o":{"x":0.784,"y":0},"t":30,"s":[144,137,0],"to":[-37.964,-36.466,0],"ti":[17.362,16.518,0]},{"t":40,"s":[-83.786,-81.798,0]}]},"a":{"a":0,"k":[0,0,0]},"s":{"a":1,"k":[{"i":{"x":[0.833,0.833,0.833],"y":[0.833,0.833,0.833]},"o":{"x":[0.167,0.167,0.167],"y":[0.167,0.167,0.167]},"t":27,"s":[100,100,100]},{"t":40,"s":[200,200,100]}]}},"ao":0,"ef":[{"ty":21,"nm":"Fill","np":9,"mn":"ADBE Fill","ix":1,"en":1,"ef":[{"ty":10,"nm":"Fill Mask","mn":"ADBE Fill-0001","ix":1,"v":{"a":0,"k":0}},{"ty":7,"nm":"All Masks","mn":"ADBE Fill-0007","ix":2,"v":{"a":0,"k":0}},{"ty":2,"nm":"Color","mn":"ADBE Fill-0002","ix":3,"v":{"a":0,"k":[1,1,1,1]}},{"ty":7,"nm":"Invert","mn":"ADBE Fill-0006","ix":4,"v":{"a":0,"k":0}},{"ty":0,"nm":"Horizontal Feather","mn":"ADBE Fill-0003","ix":5,"v":{"a":0,"k":0}},{"ty":0,"nm":"Vertical Feather","mn":"ADBE Fill-0004","ix":6,"v":{"a":0,"k":0}},{"ty":0,"nm":"Opacity","mn":"ADBE Fill-0005","ix":7,"v":{"a":0,"k":1}}]}],"shapes":[{"ty":"gr","it":[{"ty":"rc","d":1,"s":{"a":0,"k":[75,75]},"p":{"a":0,"k":[0,0]},"r":{"a":0,"k":0},"nm":"Rectangle Path 1","hd":false},{"ty":"fl","c":{"a":0,"k":[0.807843137255,0.066528252994,0.066528252994,1]},"o":{"a":0,"k":100},"r":1,"bm":0,"nm":"Fill 1","hd":false},{"ty":"tr","p":{"a":0,"k":[77.875,78]},"a":{"a":0,"k":[0,0]},"s":{"a":0,"k":[100,100]},"r":{"a":0,"k":0},"o":{"a":0,"k":100},"sk":{"a":0,"k":0},"sa":{"a":0,"k":0},"nm":"Transform"}],"nm":"Rectangle 1","bm":0,"hd":false}],"ip":20,"op":320,"st":20,"bm":0},{"ddd":0,"ind":20,"ty":4,"nm":"cizgi2","parent":15,"sr":1,"ks":{"o":{"a":0,"k":100},"r":{"a":0,"k":90},"p":{"a":0,"k":[0,0,0]},"a":{"a":0,"k":[0,0,0]},"s":{"a":0,"k":[100,100,100]}},"ao":0,"shapes":[{"ty":"gr","it":[{"ind":0,"ty":"sh","ks":{"a":0,"k":{"i":[[0,0],[0,0]],"o":[[0,0],[0,0]],"v":[[-116,0.5],[116.5,0.5]],"c":false}},"nm":"Path 1","hd":false},{"ty":"st","c":{"a":0,"k":[0.160784313725,0.074509803922,0.223529426724,1]},"o":{"a":0,"k":100},"w":{"a":0,"k":80},"lc":1,"lj":1,"ml":4,"bm":0,"nm":"Stroke 1","hd":false},{"ty":"tr","p":{"a":0,"k":[0,0]},"a":{"a":0,"k":[0,0]},"s":{"a":0,"k":[100,100]},"r":{"a":0,"k":0},"o":{"a":0,"k":100},"sk":{"a":0,"k":0},"sa":{"a":0,"k":0},"nm":"Transform"}],"nm":"Shape 1","bm":0,"hd":false},{"ty":"tm","s":{"a":0,"k":0},"e":{"a":1,"k":[{"i":{"x":[0.667],"y":[1]},"o":{"x":[0.167],"y":[0.167]},"t":12,"s":[0]},{"t":17,"s":[100]}]},"o":{"a":0,"k":0},"m":1,"nm":"Trim Paths 1","hd":false}],"ip":12,"op":20,"st":12,"bm":0},{"ddd":0,"ind":21,"ty":4,"nm":"cizgi1","parent":15,"sr":1,"ks":{"o":{"a":0,"k":100},"r":{"a":0,"k":0},"p":{"a":0,"k":[0,0,0]},"a":{"a":0,"k":[0,0,0]},"s":{"a":0,"k":[100,100,100]}},"ao":0,"shapes":[{"ty":"gr","it":[{"ind":0,"ty":"sh","ks":{"a":0,"k":{"i":[[0,0],[0,0]],"o":[[0,0],[0,0]],"v":[[-116,0.5],[116.5,0.5]],"c":false}},"nm":"Path 1","hd":false},{"ty":"st","c":{"a":0,"k":[0.160784313725,0.074509803922,0.223529426724,1]},"o":{"a":0,"k":100},"w":{"a":0,"k":80},"lc":1,"lj":1,"ml":4,"bm":0,"nm":"Stroke 1","hd":false},{"ty":"tr","p":{"a":0,"k":[0,0]},"a":{"a":0,"k":[0,0]},"s":{"a":0,"k":[100,100]},"r":{"a":0,"k":0},"o":{"a":0,"k":100},"sk":{"a":0,"k":0},"sa":{"a":0,"k":0},"nm":"Transform"}],"nm":"Shape 1","bm":0,"hd":false},{"ty":"tm","s":{"a":0,"k":0},"e":{"a":1,"k":[{"i":{"x":[0.667],"y":[1]},"o":{"x":[0.167],"y":[0.167]},"t":9,"s":[0]},{"t":14,"s":[100]}]},"o":{"a":0,"k":0},"m":1,"nm":"Trim Paths 1","hd":false}],"ip":9,"op":20,"st":9,"bm":0},{"ddd":0,"ind":22,"ty":4,"nm":"çapraz Outlines","parent":15,"sr":1,"ks":{"o":{"a":0,"k":100},"r":{"a":1,"k":[{"i":{"x":[0.667],"y":[1]},"o":{"x":[0.167],"y":[0.167]},"t":20,"s":[45]},{"t":25,"s":[90]}]},"p":{"a":0,"k":[0,0,0]},"a":{"a":0,"k":[149.452,149.452,0]},"s":{"a":1,"k":[{"i":{"x":[0.667,0.667,0.667],"y":[1,1,1]},"o":{"x":[0.167,0.167,0.167],"y":[0.167,0.167,0]},"t":20,"s":[74,74,100]},{"i":{"x":[0.833,0.833,0.833],"y":[1,1,1]},"o":{"x":[0.167,0.167,0.167],"y":[0,0,0]},"t":25,"s":[100,100,100]},{"i":{"x":[0.833,0.833,0.833],"y":[1,1,1]},"o":{"x":[0.167,0.167,0.167],"y":[0,0,0]},"t":39,"s":[100,100,100]},{"t":44,"s":[80,80,100]}]}},"ao":0,"shapes":[{"ty":"gr","it":[{"ind":0,"ty":"sh","ks":{"a":0,"k":{"i":[[0,0],[0,0],[0,0],[0,0],[0,0],[0,0],[0,0],[0,0],[0,0],[0,0],[0,0],[0,0]],"o":[[0,0],[0,0],[0,0],[0,0],[0,0],[0,0],[0,0],[0,0],[0,0],[0,0],[0,0],[0,0]],"v":[[149.202,-71.964],[71.964,-149.201],[0,-77.237],[-71.966,-149.201],[-149.202,-71.964],[-77.238,0],[-149.202,71.965],[-71.966,149.202],[0,77.237],[71.964,149.202],[149.202,71.965],[77.236,0]],"c":true}},"nm":"Path 1","hd":false},{"ty":"fl","c":{"a":0,"k":[0.161000001197,0.075,0.224000010771,1]},"o":{"a":0,"k":100},"r":1,"bm":0,"nm":"Fill 1","hd":false},{"ty":"tr","p":{"a":0,"k":[149.452,149.452]},"a":{"a":0,"k":[0,0]},"s":{"a":0,"k":[100,100]},"r":{"a":0,"k":0},"o":{"a":0,"k":100},"sk":{"a":0,"k":0},"sa":{"a":0,"k":0},"nm":"Transform"}],"nm":"Group 1","bm":0,"hd":false}],"ip":20,"op":1789,"st":12,"bm":0},{"ddd":0,"ind":23,"ty":4,"nm":"kare Outlines 2","parent":15,"sr":1,"ks":{"o":{"a":0,"k":100},"r":{"a":0,"k":0},"p":{"a":1,"k":[{"i":{"x":0.833,"y":0.833},"o":{"x":0.167,"y":0.167},"t":5,"s":[0,0,0],"to":[0,0,0],"ti":[0,0,0]},{"t":10,"s":[0,0,0]}]},"a":{"a":0,"k":[115.706,115.707,0]},"s":{"a":0,"k":[98,98,100]}},"ao":0,"shapes":[{"ty":"gr","it":[{"ind":0,"ty":"sh","ks":{"a":0,"k":{"i":[[0,0],[0,0],[0,0],[0,0]],"o":[[0,0],[0,0],[0,0],[0,0]],"v":[[115.456,115.457],[-115.456,115.457],[-115.456,-115.457],[115.456,-115.457]],"c":true}},"nm":"Path 1","hd":false},{"ty":"fl","c":{"a":0,"k":[1,1,1,1]},"o":{"a":0,"k":100},"r":1,"bm":0,"nm":"Fill 1","hd":false},{"ty":"tr","p":{"a":0,"k":[115.706,115.707]},"a":{"a":0,"k":[0,0]},"s":{"a":0,"k":[100,100]},"r":{"a":0,"k":0},"o":{"a":0,"k":100},"sk":{"a":0,"k":0},"sa":{"a":0,"k":0},"nm":"Transform"}],"nm":"Group 1","bm":0,"hd":false}],"ip":10,"op":20,"st":5,"bm":0},{"ddd":0,"ind":24,"ty":4,"nm":"Layer 2 Outlines 2","parent":26,"td":1,"sr":1,"ks":{"o":{"a":0,"k":100},"r":{"a":0,"k":0},"p":{"a":0,"k":[183.037,183.033,0]},"a":{"a":0,"k":[183.037,183.033,0]},"s":{"a":0,"k":[100,100,100]}},"ao":0,"shapes":[{"ty":"gr","it":[{"ind":0,"ty":"sh","ks":{"a":1,"k":[{"i":{"x":0.833,"y":0.833},"o":{"x":0.167,"y":0.167},"t":0,"s":[{"i":[[0,0],[0,0],[0,0],[0,0],[0,0],[0,0]],"o":[[0,0],[0,0],[0,0],[0,0],[0,0],[0,0]],"v":[[-831.439,566.184],[-1461.417,1196.969],[-1461.417,1460.154],[-1198.215,1460.154],[-568.246,829.377],[-568.246,566.184]],"c":true}]},{"i":{"x":0.667,"y":1},"o":{"x":0.167,"y":0.167},"t":5,"s":[{"i":[[0,0],[0,0],[0,0],[0,0],[0,0],[0,0]],"o":[[0,0],[0,0],[0,0],[0,0],[0,0],[0,0]],"v":[[-80.406,-182.783],[-1461.417,1196.969],[-1461.417,1460.154],[-1198.215,1460.154],[182.787,80.41],[182.787,-182.783]],"c":true}]},{"t":10,"s":[{"i":[[0,0],[0,0],[0,0],[0,0],[0,0],[0,0]],"o":[[0,0],[0,0],[0,0],[0,0],[0,0],[0,0]],"v":[[-80.406,-182.783],[-80.029,-184.462],[-80.029,78.723],[183.173,78.723],[182.787,80.41],[182.787,-182.783]],"c":true}]}]},"nm":"Path 1","hd":false},{"ty":"fl","c":{"a":0,"k":[0.161000001197,0.075,0.224000010771,1]},"o":{"a":0,"k":100},"r":1,"bm":0,"nm":"Fill 1","hd":false},{"ty":"tr","p":{"a":0,"k":[183.037,183.033]},"a":{"a":0,"k":[0,0]},"s":{"a":0,"k":[100,100]},"r":{"a":0,"k":0},"o":{"a":0,"k":100},"sk":{"a":0,"k":0},"sa":{"a":0,"k":0},"nm":"Transform"}],"nm":"Group 1","bm":0,"hd":false}],"ip":0,"op":10,"st":0,"bm":0},{"ddd":0,"ind":25,"ty":4,"nm":"kare Outlines","parent":26,"tt":1,"sr":1,"ks":{"o":{"a":0,"k":100},"r":{"a":0,"k":0},"p":{"a":1,"k":[{"i":{"x":0.833,"y":0.833},"o":{"x":0.167,"y":0.167},"t":5,"s":[234.173,130.761,0],"to":[0,0,0],"ti":[0,0,0]},{"t":10,"s":[234.173,130.761,0]}]},"a":{"a":0,"k":[115.706,115.707,0]},"s":{"a":0,"k":[113.636,113.636,100]}},"ao":0,"shapes":[{"ty":"gr","it":[{"ind":0,"ty":"sh","ks":{"a":0,"k":{"i":[[0,0],[0,0],[0,0],[0,0]],"o":[[0,0],[0,0],[0,0],[0,0]],"v":[[115.456,115.457],[-115.456,115.457],[-115.456,-115.457],[115.456,-115.457]],"c":true}},"nm":"Path 1","hd":false},{"ty":"fl","c":{"a":0,"k":[1,1,1,1]},"o":{"a":0,"k":100},"r":1,"bm":0,"nm":"Fill 1","hd":false},{"ty":"tr","p":{"a":0,"k":[115.706,115.707]},"a":{"a":0,"k":[0,0]},"s":{"a":0,"k":[100,100]},"r":{"a":0,"k":0},"o":{"a":0,"k":100},"sk":{"a":0,"k":0},"sa":{"a":0,"k":0},"nm":"Transform"}],"nm":"Group 1","bm":0,"hd":false}],"ip":2,"op":10,"st":5,"bm":0},{"ddd":0,"ind":26,"ty":4,"nm":"Layer 2 Outlines","parent":15,"sr":1,"ks":{"o":{"a":0,"k":100},"r":{"a":0,"k":0},"p":{"a":1,"k":[{"i":{"x":0.667,"y":1},"o":{"x":0.333,"y":0},"t":5,"s":[-93,90,0],"to":[8,-7.333,0],"ti":[-8,7.333,0]},{"t":10,"s":[-45,46,0]}]},"a":{"a":0,"k":[183.037,183.033,0]},"s":{"a":0,"k":[88,88,100]}},"ao":0,"shapes":[{"ty":"gr","it":[{"ind":0,"ty":"sh","ks":{"a":1,"k":[{"i":{"x":0.833,"y":0.833},"o":{"x":0.167,"y":0.167},"t":0,"s":[{"i":[[0,0],[0,0],[0,0],[0,0],[0,0],[0,0]],"o":[[0,0],[0,0],[0,0],[0,0],[0,0],[0,0]],"v":[[-831.439,566.184],[-1461.417,1196.969],[-1461.417,1460.154],[-1198.215,1460.154],[-568.246,829.377],[-568.246,566.184]],"c":true}]},{"i":{"x":0.667,"y":1},"o":{"x":0.167,"y":0.167},"t":5,"s":[{"i":[[0,0],[0,0],[0,0],[0,0],[0,0],[0,0]],"o":[[0,0],[0,0],[0,0],[0,0],[0,0],[0,0]],"v":[[-80.406,-182.783],[-1461.417,1196.969],[-1461.417,1460.154],[-1198.215,1460.154],[182.787,80.41],[182.787,-182.783]],"c":true}]},{"t":10,"s":[{"i":[[0,0],[0,0],[0,0],[0,0],[0,0],[0,0]],"o":[[0,0],[0,0],[0,0],[0,0],[0,0],[0,0]],"v":[[-80.406,-182.783],[-80.029,-184.462],[-80.029,78.723],[183.173,78.723],[182.787,80.41],[182.787,-182.783]],"c":true}]}]},"nm":"Path 1","hd":false},{"ty":"fl","c":{"a":0,"k":[1,0.160784313725,0.278431372549,1]},"o":{"a":0,"k":100},"r":1,"bm":0,"nm":"Fill 1","hd":false},{"ty":"tr","p":{"a":0,"k":[183.037,183.033]},"a":{"a":0,"k":[0,0]},"s":{"a":0,"k":[100,100]},"r":{"a":0,"k":0},"o":{"a":0,"k":100},"sk":{"a":0,"k":0},"sa":{"a":0,"k":0},"nm":"Transform"}],"nm":"Group 1","bm":0,"hd":false}],"ip":0,"op":10,"st":0,"bm":0},{"ddd":0,"ind":27,"ty":4,"nm":"Layer 2 Outlines 4","td":1,"sr":1,"ks":{"o":{"a":0,"k":100},"r":{"a":0,"k":0},"p":{"a":0,"k":[540,540,0]},"a":{"a":0,"k":[183.037,183.033,0]},"s":{"a":1,"k":[{"i":{"x":[0.667,0.667,0.667],"y":[1,1,1]},"o":{"x":[0.167,0.167,0.167],"y":[0.167,0.167,0.059]},"t":112,"s":[100,100,100]},{"t":122,"s":[282,282,100]}]}},"ao":0,"shapes":[{"ty":"gr","it":[{"ind":0,"ty":"sh","ks":{"a":1,"k":[{"i":{"x":0.359,"y":1},"o":{"x":0.629,"y":0},"t":106,"s":[{"i":[[0,0],[0,0],[0,0],[0,0],[0,0],[0,0]],"o":[[0,0],[0,0],[0,0],[0,0],[0,0],[0,0]],"v":[[-80.406,-182.783],[-182.787,-80.402],[-182.787,182.783],[80.414,182.783],[182.787,80.41],[182.787,-182.783]],"c":true}]},{"t":117,"s":[{"i":[[0,0],[0,0],[0,0],[0,0],[0,0],[0,0]],"o":[[0,0],[0,0],[0,0],[0,0],[0,0],[0,0]],"v":[[-909.656,-502.283],[-960.287,-446.902],[-960.287,-319.717],[248.414,726.783],[840.509,-54.147],[-778.213,-501.533]],"c":true}]}]},"nm":"Path 1","hd":false},{"ty":"fl","c":{"a":0,"k":[0.161000001197,0.075,0.224000010771,1]},"o":{"a":0,"k":100},"r":1,"bm":0,"nm":"Fill 1","hd":false},{"ty":"tr","p":{"a":0,"k":[183.037,183.033]},"a":{"a":0,"k":[0,0]},"s":{"a":0,"k":[100,100]},"r":{"a":0,"k":0},"o":{"a":0,"k":100},"sk":{"a":0,"k":0},"sa":{"a":0,"k":0},"nm":"Transform"}],"nm":"Group 1","bm":0,"hd":false}],"ip":94,"op":1863,"st":86,"bm":0},{"ddd":0,"ind":28,"ty":1,"nm":"Red Solid 1","tt":2,"sr":1,"ks":{"o":{"a":0,"k":100},"r":{"a":0,"k":0},"p":{"a":0,"k":[540,540,0]},"a":{"a":0,"k":[540,540,0]},"s":{"a":1,"k":[{"i":{"x":[0.433,0.433,0.667],"y":[1,1,1]},"o":{"x":[0.167,0.167,0.167],"y":[0.167,0.167,16.732]},"t":94,"s":[0,0,100]},{"t":103,"s":[256,256,100]}]}},"ao":0,"hasMask":true,"masksProperties":[{"inv":false,"mode":"a","pt":{"a":0,"k":{"i":[[298.234,0],[0,-298.234],[-298.234,0],[0,298.234]],"o":[[-298.234,0],[0,298.234],[298.234,0],[0,-298.234]],"v":[[540,0],[0,540],[540,1080],[1080,540]],"c":true}},"o":{"a":0,"k":100},"x":{"a":0,"k":0},"nm":"Mask 1"}],"sw":1080,"sh":1080,"sc":"#ff2947","ip":94,"op":130,"st":94,"bm":0},{"ddd":0,"ind":29,"ty":1,"nm":"White Solid 1","sr":1,"ks":{"o":{"a":0,"k":100},"r":{"a":1,"k":[{"i":{"x":[0.833],"y":[0.833]},"o":{"x":[0.167],"y":[0.167]},"t":89,"s":[0]},{"t":96,"s":[166]}]},"p":{"a":0,"k":[540,540,0]},"a":{"a":0,"k":[540,540,0]},"s":{"a":1,"k":[{"i":{"x":[0.833,0.833,0.833],"y":[0.833,0.833,-15.966]},"o":{"x":[0.333,0.333,0.333],"y":[0,0,0]},"t":89,"s":[0,0,100]},{"t":96,"s":[454,454,100]}]}},"ao":0,"hasMask":true,"masksProperties":[{"inv":false,"mode":"a","pt":{"a":0,"k":{"i":[[0,0],[0,0],[0,0],[0,0],[0,0],[0,0],[0,0],[0,0],[0,0],[0,0]],"o":[[0,0],[0,0],[0,0],[0,0],[0,0],[0,0],[0,0],[0,0],[0,0],[0,0]],"v":[[540,0],[381.298,321.565],[26.43,373.131],[283.215,623.435],[222.596,976.869],[540,810],[857.404,976.869],[796.785,623.435],[1053.571,373.131],[698.702,321.565]],"c":true}},"o":{"a":0,"k":100},"x":{"a":0,"k":0},"nm":"Mask 1"}],"sw":1080,"sh":1080,"sc":"#ffffff","ip":89,"op":102,"st":89,"bm":0},{"ddd":0,"ind":30,"ty":1,"nm":"Dark Purple Solid 2","sr":1,"ks":{"o":{"a":0,"k":100},"r":{"a":0,"k":0},"p":{"a":0,"k":[540,540,0]},"a":{"a":0,"k":[540,540,0]},"s":{"a":1,"k":[{"i":{"x":[0.253,0.253,0.667],"y":[1.021,1.021,1]},"o":{"x":[0.167,0.167,0.167],"y":[0.167,0.167,16.732]},"t":42,"s":[0,0,100]},{"t":51,"s":[256,256,100]}]}},"ao":0,"hasMask":true,"masksProperties":[{"inv":false,"mode":"a","pt":{"a":0,"k":{"i":[[298.234,0],[0,-298.234],[-298.234,0],[0,298.234]],"o":[[-298.234,0],[0,298.234],[298.234,0],[0,-298.234]],"v":[[540,0],[0,540],[540,1080],[1080,540]],"c":true}},"o":{"a":0,"k":100},"x":{"a":0,"k":0},"nm":"Mask 1"}],"sw":1080,"sh":1080,"sc":"#291339","ip":42,"op":78,"st":42,"bm":0},{"ddd":0,"ind":31,"ty":1,"nm":"White Solid 1","sr":1,"ks":{"o":{"a":0,"k":100},"r":{"a":0,"k":0},"p":{"a":0,"k":[540,540,0]},"a":{"a":0,"k":[540,540,0]},"s":{"a":1,"k":[{"i":{"x":[0.253,0.253,0.667],"y":[1.021,1.021,1]},"o":{"x":[0.333,0.333,0.333],"y":[0,0,0]},"t":40,"s":[0,0,100]},{"t":49,"s":[256,256,100]}]}},"ao":0,"hasMask":true,"masksProperties":[{"inv":false,"mode":"a","pt":{"a":0,"k":{"i":[[298.234,0],[0,-298.234],[-298.234,0],[0,298.234]],"o":[[-298.234,0],[0,298.234],[298.234,0],[0,-298.234]],"v":[[540,0],[0,540],[540,1080],[1080,540]],"c":true}},"o":{"a":0,"k":100},"x":{"a":0,"k":0},"nm":"Mask 1"}],"sw":1080,"sh":1080,"sc":"#ffffff","ip":40,"op":79,"st":40,"bm":0},{"ddd":0,"ind":32,"ty":1,"nm":"Yellow Solid 1","sr":1,"ks":{"o":{"a":0,"k":100},"r":{"a":0,"k":0},"p":{"a":0,"k":[540,540,0]},"a":{"a":0,"k":[960,540,0]},"s":{"a":0,"k":[100,100,100]}},"ao":0,"sw":1920,"sh":1080,"sc":"#ffbf00","ip":20,"op":102,"st":20,"bm":0},{"ddd":0,"ind":33,"ty":1,"nm":"Dark Purple Solid 1","sr":1,"ks":{"o":{"a":0,"k":100},"r":{"a":0,"k":0},"p":{"a":0,"k":[540,540,0]},"a":{"a":0,"k":[960,540,0]},"s":{"a":0,"k":[100,100,100]}},"ao":0,"sw":1920,"sh":1080,"sc":"#291339","ip":-1,"op":142,"st":-1,"bm":0}],"markers":[]}